{
  "mode": "lightweight",
  "model_bin": "/home/spider/apps/local/abap-llm-engine/tools/model.bin",
  "config": {
    "num_hidden_layers": 30,
    "hidden_size": 576,
    "intermediate_size": 1536,
    "num_attention_heads": 9,
    "num_key_value_heads": 3,
    "vocab_size": 49152,
    "rms_norm_eps": 1e-05,
    "rope_theta": 100000
  },
  "tensor_stats": {
    "model.embed_tokens.weight": {
      "shape": [
        49152,
        576
      ],
      "dtype": "INT8",
      "first10_dequant": [
        -0.11903297156095505,
        0.02777436003088951,
        0.04761318862438202,
        -0.007935531437397003,
        -0.05554872006177902,
        -0.05158095434308052,
        0.015871062874794006,
        -0.13490402698516846,
        0.10712967813014984,
        -0.2301304042339325
      ],
      "abs_max": 127.0,
      "mean": -0.1079811155796051
    },
    "model.layers.0.input_layernorm.weight": {
      "shape": [
        576
      ],
      "dtype": "INT8",
      "first10_dequant": [
        0.019438976421952248,
        0.019438976421952248,
        -0.03644808009266853,
        -0.03401820734143257,
        -0.026728592813014984,
        -0.026728592813014984,
        0.024298720061779022,
        -0.024298720061779022,
        -0.1603715568780899,
        0.014579232782125473
      ],
      "abs_max": 127.0,
      "mean": 0.484375
    },
    "model.layers.0.mlp.gate_proj.weight": {
      "shape": [
        1536,
        576
      ],
      "dtype": "INT8",
      "first10_dequant": [
        -0.0233759842813015,
        0.1916830688714981,
        0.15428149700164795,
        -0.2384350448846817,
        0.03740157559514046,
        -0.29921260476112366,
        -0.14960630238056183,
        -0.08415354788303375,
        0.0233759842813015,
        0.10285433381795883
      ],
      "abs_max": 127.0,
      "mean": 0.07082904130220413
    },
    "model.layers.0.self_attn.q_proj.weight": {
      "shape": [
        576,
        576
      ],
      "dtype": "INT8",
      "first10_dequant": [
        -0.09079724550247192,
        0.14124014973640442,
        -0.10088582336902618,
        -0.7162893414497375,
        1.1803641319274902,
        -0.11097440868616104,
        0.10088582336902618,
        0.6759350299835205,
        0.1715058982372284,
        0.04035433009266853
      ],
      "abs_max": 127.0,
      "mean": 0.04506655037403107
    },
    "model.norm.weight": {
      "shape": [
        576
      ],
      "dtype": "INT8",
      "first10_dequant": [
        1.737696886062622,
        1.816683053970337,
        1.7640255689620972,
        1.6060532331466675,
        1.737696886062622,
        1.7113680839538574,
        1.816683053970337,
        1.737696886062622,
        3.133120059967041,
        1.737696886062622
      ],
      "abs_max": 127.0,
      "mean": 68.06771087646484
    }
  },
  "bpe_reference": {
    "note": "SmolLM2 uses GPT-NeoX tokenizer (similar to GPT-2 BPE)",
    "hello_token_ids": [
      12199
    ],
    "hello_i_am_token_ids": [
      12199,
      13,
      315
    ],
    "vocab_size": 49152
  },
  "math_reference": {
    "rms_norm": {
      "input": [
        1.0,
        2.0,
        3.0
      ],
      "weight": [
        1.0,
        1.0,
        1.0
      ],
      "eps": 1e-05,
      "expected": [
        0.46291,
        0.92582,
        1.38873
      ]
    },
    "silu": {
      "inputs": [
        0.0,
        1.0,
        -1.0,
        2.0
      ],
      "expected": [
        0.0,
        0.7311,
        -0.2689,
        1.7616
      ]
    },
    "softmax": {
      "input": [
        1.0,
        2.0,
        3.0
      ],
      "expected": [
        0.09003,
        0.24473,
        0.66524
      ]
    },
    "matmul_2x2": {
      "A": [
        [
          1,
          2
        ],
        [
          3,
          4
        ]
      ],
      "B": [
        [
          5,
          6
        ],
        [
          7,
          8
        ]
      ],
      "C": [
        [
          19,
          22
        ],
        [
          43,
          50
        ]
      ]
    }
  }
}